epoch,train_loss,valid_loss
0,3.965084129987434,5.695738368588582
1,3.7506367200393513,2.5790944708917674
2,2.7755133871131132,3.3077665099122195
3,3.4133371901440364,4.2412726393355555
4,3.889760403480361,4.907539004943547
5,5.442965569161002,6.179290884741091
6,6.797679405772074,7.342687413903607
7,6.6494790348221775,7.585738346515219
8,7.850176482088745,7.595730887409243
9,6.8547905054954175,7.29749778427502
10,7.301597548242173,8.55151092325604
