epoch,train_loss,valid_loss
0,0.8253951080429417,1.623631093656532
1,0.6785026248510344,1.2289576598890957
2,0.5655839209500101,1.202746591641292
3,0.6649740197167683,1.165192185866568
4,0.6045460195303143,1.1707387459105092
5,0.5857751421093572,1.1639329584381888
6,0.553921508522563,1.1472387822697294
7,0.5908361875459542,1.1243725616021878
8,0.5414403084061242,1.1670857230366112
9,0.5175123361728026,1.1735531334369058
10,0.5862536415610586,1.1502143732669179
