epoch,train_loss,valid_loss
0,0.608849627893704,1.185518568404158
1,0.5767697731565253,1.1627952774038715
2,0.5048165647983314,1.151559388670364
3,0.764422323113161,1.105695563246067
4,0.5926093722707965,1.160629949277749
5,0.5179492646362249,1.1192617605178568
6,0.6285099810232272,1.1013680188565411
7,0.5816078243741907,1.1605638769996884
8,0.5259186715648296,1.160087998641451
9,0.6032039237200029,1.1260461279623453
10,0.5902287453844476,1.09979580399006
